year,sessions,median_as_traded_over_stored,min,max,within_cent_rounding_of_one_step_model
1999,43,1.04693,1.03888,1.05793,n/a (fractional-price era)
2000,252,1.04693,1.00905,1.10004,n/a (fractional-price era)
2001,248,1.04603,1.04594,1.047,158/227
2002,252,1.046,1.04592,1.04608,252/252
2003,252,1.046,1.04593,1.04606,252/252
2004,252,1.046,1.04594,1.05659,250/252
2005,252,1.046,1.04564,1.04607,251/252
2006,251,1.046,1.0422,1.0543,246/251
2007,251,1.04601,1.04198,1.04606,249/251
2008,253,1.046,1.04593,1.04606,253/253
2009,252,1.046,1.04114,1.04606,250/252
2010,252,1.046,1.04132,1.04604,251/252
2011,252,1.046,1.04597,1.04856,251/252
2012,250,1.046,1.04597,1.04603,250/250
2013,252,1.046,1.04597,1.04603,252/252
2014,252,1.046,1.04597,1.04603,252/252
2015,252,1.046,1.04596,1.04604,252/252
2016,252,1.046,1.04596,1.04604,252/252
2017,251,1.046,1.04596,1.04604,251/251
2018,251,1.046,1.04595,1.04604,251/251
2019,252,1.046,1.04596,1.04953,251/252
2020,253,1.046,1.04594,1.04605,253/253
2021,252,1.04599,1.0,1.04604,252/252
2022,251,1.0,1.0,1.0,251/251
2023,250,1.0,1.0,1.0,250/250
2024,252,1.0,1.0,1.0,252/252
2025,250,1.0,1.0,1.0,250/250
2026,184,1.0,1.0,1.0,184/184
