symbol,ex_date,event,measured_type,stored_close_last_session_before,candidate_as_traded_close,candidate_source,candidate_over_stored,insider_window_before,insider_trades_before,insider_median_before,insider_interval95_before,insider_contained_at_1_before,insider_median_after,provider_split_list_entry,provider_implied_factor_before,insider_contained_at_provider_implied,share_factor_G_step,restated_diluted_shares_before_m,restated_diluted_shares_after_m,distribution_factor_step,close_times_shares_error_pct_before
AAPL,2020-08-31,4:1 split,share-changing,124.81,499.23,EODHD demo (reconstructed close),3.99992,2015-01-01..2020-08-28,295,4.0013,,0/295,0.9986,4:1 stock-split,4.0,271/295,4 (dividends 3.91-4.03),17419.2,17256.5,1,0
AAPL,2014-06-09,7:1 split,share-changing,23.06,645.5708,EODHD demo (reconstructed close),27.99527,2005-03-01..2014-06-06,2107,27.9576,27.8211..28.2244,0/2107,4.0036,7:1 stock-split,28.0,2106/2107,7 (dividends 27.78/4.0),,,1,0
NVDA,2024-06-10,10:1 split,share-changing,120.89,,none without an account,,2021-07-20..2024-06-07,487,9.9899,9.9355..10.0836,1/487,1.0007,10:1 stock-split,10.0,486/487,10 (dividends 10.16),24890.0,24848.0,1,0
AMZN,2022-06-06,20:1 split,share-changing,122.35,2447.00,EODHD demo (reconstructed close),20.0,2019-01-01..2022-06-03,1899,20.0148,19.8711..20.1364,0/1899,1.0012,20:1 stock-split,20.0,1899/1899,20 (as-reported probe),10180.0,10175.0,1,0
WMT,2024-02-26,3:1 split,share-changing,58.52,,none without an account,,2019-01-01..2024-02-23,529,3.0031,2.9833..3.0224,0/529,1.0007,3:1 stock-split,3.0,528/529,3 (dividends 3.01),8103.0,8084.0,1,0
CRWD,2026-07-02,4:1 split,share-changing,193.19,,none without an account,,2019-06-12..2026-07-01,3023,3.9914,3.9721..4.0349,0/3023,0.9993,4:1 stock-split,4.0,3016/3023,4 (as-reported probe),1031.5,1038.0,1,0
GOOGL,2022-07-18,20:1 split,share-changing,,,none without an account,,2018-10-01..2022-07-15,5989,20.0434,,3/5989,1.0026,20:1 stock-split,20.0,5340/5989 (class C rows mixed in),,,,1,0
MMM,2024-04-01,Solventum spin-off,price-only,88.68,,none without an account,,2019-01-01..2024-03-28,306,1.1963,1.1875..1.2043,0/306,1.0038,none,1.0,0/306,1 (dividends 1.003-1.012),555.9,554.8,1.1963,-16.4
WDC,2025-02-24,Sandisk spin-off,price-only,51.92,,none without an account,,2019-01-01..2025-02-21,64,1.3273,1.3154..1.3367,0/64,0.9863,1323:1000 stock-split,1.323,64/64 (1014/1018 in 2003-2018),1 (as-filed 357.0M = restated),357.0,358.0,1.323,-24.4
IBM,2021-11-04,Kyndryl spin-off,price-only,121.54,127.13,Alpha Vantage demo TIME_SERIES_DAILY (raw),1.04599,2015-01-01..2021-11-03,361,1.0443,1.0383..1.0521,0/361,0.9951,523:500 stock-split,1.046,361/361,1 (dividends 1.007-1.011),906.0,904.6,1.046,-4.4
MRK,2021-06-03,Organon spin-off,price-only,72.34,,none without an account,,2012-01-01..2021-06-02,178,1.0485,1.0427..1.0561,1/178,1.0007,131:125 stock-split,1.048,178/178,1 (dividends 0.99-1.00),2541.0,2540.0,1.048,-4.6
AXP,2005-10-03,Ameriprise spin-off,price-only,50.75,,none without an account,,2003-01-01..2005-09-30,147,1.1326,1.1246..1.1385,0/147,0.9983,10000:8753 stock-split,1.1425,94/147,1 (dividends 0.99-1.01),1254.0,1258.0,1.1326,-11.7
HON,2018-10-01 and 2018-10-29,Garrett and Resideo spin-offs,price-only,157.65,,none without an account,,2010-01-01..2018-09-28,261,1.0600 (cumulative),1.0548..1.0661,0/261,1.0105 (cumulative),1011:1000 stock-split dated 2018-10-28,0.964 (cumulative),0/261,1 (dividends 0.50 on both sides),376.0,371.9,1.049 (step); 2.120 cumulative,-52.8
HON,2025-10-30,Solstice spin-off,price-only,210.44,,none without an account,,2018-10-29..2025-10-29,30,1.0105 (cumulative),1.0048..1.0183,14/30,0.9532 (cumulative),none,0.9535 (cumulative),1/30,1 (dividends 0.48-0.50 on both sides),319.4,319.3,1.060 (step); 2.021 cumulative,-50.5
HON,2026-06-29,1-for-2 reverse split fused with Aerospace spin-off,combined,243.53,,none without an account,,2025-10-30..2026-06-26,6,0.9532,0.9484..0.9616,0/6,0.9933 (n=2),1907:2000 spin-off,0.9535,6/6,0.5 (dividends 0.48-0.50 before),319.2,319.0,1.906 (step and cumulative),-47.5
DIS,2007-06-13,ABC Radio/Citadel distribution,not carried by the stored close,33.50,,none without an account,,2003-01-01..2007-06-12,11,1.0015,0.994..1.0114,11/11,0.9975,2000:1973 stock-split,1.0137,9/11,1,,,1 (not carried),0
AXP,1994-05-31,Lehman Brothers spin-off,unverifiable (before insider coverage and before the product horizon),8.72,,none,,,,,,,,400:353 stock-split,1.1331,,,,,unknown,unknown
MRK,2003-08-20,Medco spin-off,unverifiable (one genuine insider trade fits no Medco factor),51.22,,none,,2002-09-01..2003-08-19,1,1.043,,0/1,,none,1.048,1/1,,,,unknown,unknown
MMM,1996-07-01,Imation spin-off,unverifiable (before insider coverage and before the product horizon),28.84,,none,,,,,,,,none,1.0,,,,,unknown,unknown
