symbol,country,date,provider_ratio,ratio,provider_label
ABT,US,2013-01-02,5000:2399,2.0842,stock-split
ABT,US,2004-05-03,2500:2339,1.0688,stock-split
ADP,US,2014-10-01,1139:1000,1.139,stock-split
ADP,US,2007-04-02,10000:9033,1.1071,stock-split
APD,US,2016-10-03,1081:1000,1.081,stock-split
ASML,NL,2012-11-29,77:100,0.77,stock-dividend
ASML,NL,2007-10-01,8:9,0.8889,stock-dividend
ASX,TW,2012-08-20,1139:1000,1.139,stock-split
ASX,TW,2011-08-12,557:500,1.114,stock-split
ASX,TW,2010-07-27,109:100,1.09,stock-split
ASX,TW,2008-08-13,1029:1000,1.029,stock-split
ASX,TW,2007-08-20,11479:10000,1.1479,stock-split
ASX,TW,2005-09-07,5499:5000,1.0998,stock-split
ASX,TW,2004-08-25,5287:5000,1.0574,stock-split
ASX,TW,2003-08-22,11:10,1.1,stock-split
ASX,TW,2001-07-17,117:100,1.17,stock-split
AXP,US,2005-10-03,10000:8753,1.1425,stock-split
AZN,GB,2026-02-02,1:2,0.5,adr-change
BAM,US,2016-06-20,51:50,1.02,stock-dividend
BAM,US,2013-04-15,103:100,1.03,stock-split
BAM,US,2012-05-01,28:25,1.12,stock-split
BBVA,ES,2012-04-11,48:47,1.0213,stock-split
BBVA,ES,2011-03-29,60:59,1.0169,stock-split
BBVA,ES,2009-04-07,10161:10000,1.0161,stock-split
BCS,GB,2014-02-19,74:73,1.0137,stock-split
BCS,GB,2013-09-19,217:200,1.085,stock-split
BHP,AU,2022-06-02,1121:1000,1.121,stock-split
BHP,AU,2001-07-13,20651:10000,2.0651,stock-split
BKNG,US,2026-04-06,25:1,25.0,stock-split
BMY,US,2001-08-07,1000000:951777,1.0507,stock-split
BN,CA,2022-12-12,1237:1000,1.237,stock-split
BN,CA,2016-06-20,127:125,1.016,stock-split
BN,CA,2013-04-15,1033:1000,1.033,stock-split
BN,CA,2012-05-01,1000000:890149,1.1234,stock-split
BNY,US,2007-07-02,4717:5000,0.9434,stock-dividend
CNQ,CA,2022-08-22,1021:1000,1.021,stock-split
COP,US,2012-05-01,1311791:1000000,1.3118,stock-split
CRH,IE,2009-03-04,557:500,1.114,stock-split
CRH,IE,2001-03-07,549:500,1.098,stock-split
DB,DE,2017-03-21,28:25,1.12,stock-split
DB,DE,2014-06-06,131:125,1.048,stock-split
DB,DE,2010-09-22,219:200,1.095,stock-split
DELL,US,2021-11-02,1973:1000,1.973,spin-off
DELL,US,2018-12-28,903:500,1.806,stock-split
DHR,US,2023-10-02,141:125,1.128,stock-split
DHR,US,2016-07-05,1319:1000,1.319,stock-split
DIS,US,2007-06-13,2000:1973,1.0137,stock-split
DUK,US,2007-01-03,10000:5811,1.7209,stock-split
EQIX,US,2002-12-31,1:32,0.0312,stock-split
ETN,IE,2001-01-02,10000:8677,1.1525,stock-split
FDX,US,2026-06-01,1241:1000,1.241,stock-split
GE,US,2024-04-02,1253:1000,1.253,stock-split
GE,US,2023-01-04,1281:1000,1.281,stock-split
GE,US,2019-02-26,26:25,1.04,stock-split
GOOG,US,2014-03-27,1001:500,2.002,stock-split
HLT,US,2017-01-04,250:513,0.4873,stock-split
HON,US,2026-06-28,1907:2000,0.9535,spin-off
HON,US,2018-10-28,1011:1000,1.011,stock-split
HPE,US,2017-09-01,1289:1000,1.289,stock-split
HPE,US,2017-04-03,3337:2500,1.3348,stock-split
HWM,US,2016-11-01,667:500,1.334,stock-split
IBM,US,2021-11-04,523:500,1.046,stock-split
IBN,IN,2017-06-19,11:10,1.1,stock-split
ITUB,BR,2025-12-29,103:100,1.03,stock-split
ITUB,BR,2025-03-19,11:10,1.1,stock-split
ITUB,BR,2021-10-04,1213:1000,1.213,stock-split
ITUB,BR,2016-10-18,11:10,1.1,stock-split
ITUB,BR,2015-07-14,11:10,1.1,stock-split
ITUB,BR,2014-06-06,11:10,1.1,stock-split
ITUB,BR,2013-05-21,11:10,1.1,stock-split
ITUB,BR,2009-08-31,11:10,1.1,stock-split
JCI,IE,2016-09-06,191:200,0.955,stock-dividend
JCI,IE,2012-10-01,10000:4971,2.0117,stock-split
LYG,GB,2009-05-06,41:40,1.025,stock-split
MAR,US,2011-11-22,1061:1000,1.061,stock-split
MET,US,2017-08-07,561:500,1.122,stock-split
MRK,US,2021-06-03,131:125,1.048,stock-split
MSI,US,2011-01-04,400:1617,0.2474,stock-split
MSI,US,2004-12-03,200:179,1.1173,stock-split
MT,LU,2016-03-14,629:500,1.258,stock-split
NGG,GB,2017-05-22,229:250,0.916,stock-dividend
NGG,GB,2005-08-01,877:1000,0.877,stock-dividend
NOC,US,2011-03-31,2000:1807,1.1068,stock-split
NVS,CH,2019-04-09,279:250,1.116,stock-split
O,US,2021-11-15,129:125,1.032,stock-split
OKE,US,2014-02-03,5711:5000,1.1422,stock-split
OXY,US,2014-12-01,521:500,1.042,stock-split
PFE,US,2020-11-17,527:500,1.054,stock-split
RELX,GB,2008-01-07,173:200,0.865,stock-dividend
RTX,US,2020-04-03,1589:1000,1.589,stock-split
SAN,ES,2020-11-12,1043:1000,1.043,stock-split
SAN,ES,2012-01-11,47:46,1.0217,stock-split
SAN,ES,1998-08-18,51:50,1.02,stock-dividend
SCCO,US,2026-08-11,253:250,1.012,stock-split
SCCO,US,2024-05-07,1263:1250,1.0104,stock-split
SCCO,US,2012-02-13,10107:10000,1.0107,stock-split
SO,US,2001-04-03,10000:6109,1.6369,stock-split
SPG,US,2014-05-29,1063:1000,1.063,stock-split
SPG,US,2009-02-10,1023:1000,1.023,stock-split
SRE,US,1998-06-29,1503:1000,1.503,stock-split
T,US,2022-04-11,331:250,1.324,spin-off
TSM,TW,2006-06-20,103:100,1.03,stock-split
TSM,TW,2005-06-13,21:20,1.05,stock-split
TSM,TW,2004-06-14,57:50,1.14,stock-split
TSM,TW,2003-07-07,27:25,1.08,stock-split
TSM,TW,2002-06-19,11:10,1.1,stock-split
TSM,TW,2001-06-26,7:5,1.4,stock-split
TSM,TW,2000-05-15,32:25,1.28,stock-split
TSM,TW,1999-08-16,123:100,1.23,stock-split
TSM,TW,1998-08-26,29:20,1.45,stock-split
TT,IE,2020-03-02,1289:1000,1.289,stock-split
TT,IE,2013-12-02,313:250,1.252,stock-split
UBS,CH,2008-05-27,107:100,1.07,stock-split
UL,GB,2025-12-09,111:125,0.888,stock-dividend
UL,GB,2006-05-25,9:5,1.8,stock-split
UL,GB,1999-05-10,25:28,0.8929,stock-dividend
UMC,TW,2008-08-08,209:200,1.045,stock-split
UMC,TW,2007-10-09,17429:25000,0.6972,stock-split
UMC,TW,2005-08-02,551:500,1.102,stock-split
UMC,TW,2004-07-13,27:25,1.08,stock-split
UMC,TW,2003-07-15,10401:10000,1.0401,stock-split
UMC,TW,2002-08-05,23:20,1.15,stock-split
UMC,TW,2001-07-13,23:20,1.15,stock-split
UNP,US,1996-10-16,2500:1681,1.4872,stock-split
USB,US,2001-02-27,253:200,1.265,stock-split
VLO,US,2013-05-02,547:500,1.094,stock-split
VZ,US,2010-07-02,1000000:937889,1.0662,stock-split
VZ,US,2006-11-20,50000:48167,1.0381,stock-split
WBD,US,2014-08-07,1957:1000,1.957,stock-split
WDC,US,2025-02-24,1323:1000,1.323,stock-split
WMB,US,2012-01-03,1250:1019,1.2267,stock-split
WMB,US,2001-04-24,500:459,1.0893,stock-split
