symbol,series,sessions,median_overstatement_pp,max_overstatement_pp,stored_positive_as_traded_non_positive,crosses_20_downward,crosses_30_downward
AXP,dcfFcff,2202,10.4,142.2,172,196,142
AXP,residualIncome,2267,20.6,49.5,15,0,0
AXP,ddm,2267,107.4,180.5,0,0,0
AXP,graham,1637,12.6,24.3,497,115,77
AXP,blendBalanced,1637,11.1,28.8,192,282,286
AXP,blendConservative,1637,11.7,23.9,235,345,178
AXP,blendDividend,2202,19.1,62.8,269,31,21
HON,dcfFcff,6354,87.1,267.5,3382,2450,1590
HON,residualIncome,5921,92.8,2259.4,3197,2270,1592
HON,ddm,6354,185.1,277.8,168,17,0
HON,graham,5820,88.7,1329.8,2391,2233,1757
HON,blendBalanced,5672,88.0,232.6,3015,2052,1747
HON,blendConservative,5672,87.7,256.1,2940,2129,1760
HON,blendDividend,5921,113.6,210.7,2054,1098,807
IBM,dcfFcff,6318,6.6,70.8,107,15,108
IBM,residualIncome,6318,6.3,17.8,195,52,26
IBM,ddm,6318,21.9,98.9,0,0,0
IBM,graham,5389,6.3,391.8,111,25,8
IBM,blendBalanced,5389,6.3,16.1,159,95,20
IBM,blendConservative,5389,6.4,14.7,163,71,26
IBM,blendDividend,6318,8.6,32.3,33,0,0
MMM,dcfFcff,6787,24.2,710.7,1028,494,221
MMM,residualIncome,6749,25.3,57.8,719,469,348
MMM,ddm,6920,50.7,81.2,88,0,0
MMM,graham,6749,23.3,63.1,789,717,486
MMM,blendBalanced,6616,24.6,55.4,1222,564,176
MMM,blendConservative,6616,24.5,54.1,1181,707,220
MMM,blendDividend,6616,30.5,63.9,261,91,76
MRK,dcfFcff,6210,6.4,28.2,124,103,84
MRK,residualIncome,6033,6.9,59.9,199,162,44
MRK,ddm,6210,11.0,31.0,1,0,0
MRK,graham,5729,4.5,293.6,65,204,243
MRK,blendBalanced,5552,5.2,38.5,168,285,92
MRK,blendConservative,5552,4.9,44.9,172,377,103
MRK,blendDividend,6033,7.4,19.8,240,23,46
WDC,dcfFcff,5329,11.6,670.9,383,499,510
WDC,residualIncome,4965,19.8,2715.5,427,643,662
WDC,ddm,2415,80.6,9544.6,20,0,0
WDC,graham,4470,10.0,229.3,267,181,115
WDC,blendBalanced,3854,9.8,42.4,277,263,233
WDC,blendConservative,3854,10.1,39.3,304,209,196
WDC,blendDividend,1392,14.3,23.4,0,44,176
