symbol,fiscal_quarter_end,ex_dates_in_quarter,declared_dividend_per_share_as_traded,common_dividends_paid_musd,restated_diluted_shares_m,statement_dividend_per_restated_share,measured_share_factor_G
HON,2002-03-31,1,0.1875,153.0,408.7,0.3744,0.501
HON,2002-06-30,1,0.1875,153.0,409.8,0.3733,0.502
HON,2002-09-30,1,0.1875,154.0,412.0,0.3738,0.502
HON,2002-12-31,1,0.1875,154.0,412.0,0.3738,0.502
HON,2003-03-31,1,0.1875,161.0,423.3,0.3803,0.493
HON,2003-06-30,1,0.1875,161.0,431.1,0.3735,0.502
HON,2003-09-30,1,0.1875,161.0,430.0,0.3744,0.501
HON,2003-12-31,1,0.1875,162.0,430.0,0.3767,0.498
HON,2009-03-31,1,0.3025,224.0,369.6,0.606,0.499
HON,2009-06-30,1,0.3025,228.0,375.1,0.6079,0.498
HON,2009-09-30,1,0.3025,232.0,382.0,0.6073,0.498
HON,2009-12-31,1,0.3025,234.0,380.5,0.615,0.492
HON,2010-03-31,1,0.3025,231.0,385.9,0.5987,0.505
HON,2010-06-30,1,0.3025,233.0,387.7,0.601,0.503
HON,2010-09-30,1,0.3025,240.0,391.4,0.6132,0.493
HON,2010-12-31,1,0.3025,240.0,388.2,0.6182,0.489
HON,2018-03-31,1,0.745,556.0,380.5,1.4612,0.51
HON,2018-06-30,1,0.745,560.0,377.5,1.4834,0.502
HON,2018-09-30,2,2.595,553.0,376.0,1.4707,1.764
HON,2018-12-31,1,0.82,603.0,371.9,1.6212,0.506
HON,2019-03-31,1,0.82,606.0,369.4,1.6405,0.5
HON,2019-06-30,1,0.82,597.0,366.5,1.6289,0.503
HON,2025-03-31,1,1.13,732.0,325.9,2.2464,0.503
HON,2025-06-30,1,1.13,747.0,320.4,2.3311,0.485
HON,2025-09-30,1,1.13,735.0,319.4,2.3012,0.491
HON,2025-12-31,1,1.19,762.0,319.3,2.3865,0.499
HON,2026-03-31,1,1.19,781.0,319.2,2.4467,0.486
HON,2026-06-30,1,1.19,795.0,319.0,2.4922,0.477
MMM,2023-03-31,1,1.5,827.0,553.2,1.4949,1.003
MMM,2023-06-30,1,1.5,828.0,553.9,1.4949,1.003
MMM,2023-09-30,1,1.5,828.0,554.3,1.4938,1.004
MMM,2023-12-31,1,1.5,828.0,555.4,1.4908,1.006
MMM,2024-03-31,1,1.51,835.0,555.9,1.5021,1.005
MMM,2024-06-30,1,0.7,386.0,554.8,0.6957,1.006
MMM,2024-09-30,1,0.7,383.0,552.7,0.693,1.01
MMM,2024-12-31,1,0.7,378.0,546.3,0.6919,1.012
IBM,2021-03-31,1,1.63,1457.0,901.7,1.6158,1.009
IBM,2021-06-30,1,1.64,1467.0,904.2,1.6224,1.011
IBM,2021-09-30,1,1.64,1471.0,906.0,1.6236,1.01
IBM,2021-12-31,1,1.64,1474.0,904.6,1.6294,1.007
IBM,2022-03-31,1,1.64,1475.0,909.2,1.6223,1.011
IBM,2022-06-30,1,1.65,1488.0,910.7,1.6339,1.01
MRK,2021-03-31,1,0.65,1645.0,2541.0,0.6474,1.004
MRK,2021-06-30,1,0.65,1673.0,2540.0,0.6587,0.987
MRK,2021-09-30,1,0.65,1649.0,2536.0,0.6502,1.0
MRK,2021-12-31,1,0.69,1643.0,2535.0,0.6481,1.065
AXP,2005-06-30,1,0.12,149.0,1254.0,0.1188,1.01
AXP,2005-12-31,1,0.12,100.0,1258.0,0.0795,1.51
AXP,2006-03-31,1,0.12,149.0,1258.0,0.1184,1.013
AXP,2006-06-30,1,0.12,150.0,1242.0,0.1208,0.994
AXP,1996-09-30,1,0.225,108.0,1447.1,0.0746,3.015
AXP,1996-12-31,2,0.45,106.0,1447.7,0.0732,6.146
AAPL,2014-03-29,1,3.05,2661.0,24626.8,0.1081,28.227
AAPL,2014-06-28,1,3.29,2867.0,24206.8,0.1184,27.778
AAPL,2014-09-27,1,0.47,2829.0,23888.3,0.1184,3.969
AAPL,2014-12-27,1,0.47,2801.0,23527.2,0.1191,3.948
AAPL,2020-03-28,1,0.77,3375.0,17618.8,0.1916,4.02
AAPL,2020-06-27,1,0.82,3656.0,17419.2,0.2099,3.907
AAPL,2020-09-26,1,0.82,3511.0,17256.5,0.2035,4.03
AAPL,2020-12-26,1,0.205,3613.0,17113.7,0.2111,0.971
AAPL,2021-03-27,1,0.205,3447.0,16929.2,0.2036,1.007
WMT,2023-10-31,1,0.57,1534.0,8109.0,0.1892,3.013
WMT,2024-01-31,1,0.57,1534.0,8103.0,0.1893,3.011
WMT,2024-04-30,1,0.2075,1671.0,8084.0,0.2067,1.004
WMT,2024-07-31,1,0.2075,1665.0,8081.0,0.206,1.007
WMT,2024-10-31,1,0.2075,1668.0,8082.0,0.2064,1.005
NVDA,2024-01-28,1,0.04,99.0,24900.0,0.004,10.061
NVDA,2024-04-28,1,0.04,98.0,24890.0,0.0039,10.159
NVDA,2024-07-28,1,0.01,246.0,24848.0,0.0099,1.01
NVDA,2024-10-27,1,0.01,245.0,24774.0,0.0099,1.011
